count,mass_max,mass_min,normalization,rate_density,rate_density_uncert,semimajor_max,semimajor_min,volume
13,19.999999999999996,0.010000000000000004,7.443176718260615e-05,0.33388418401435976,0.09260281119463294,9.000000000000002,1.5,13.61898895656334
