rmin,rmax,pmin,pmax,N,Q,rate,rate_uncert
0.09201005025125628,0.3033315846582025,2.0,24.999999999999996,4,8.654214450974625e-05,0.394583031582577,0.1972915157912885
0.3033315846582025,1.0,2.0,24.999999999999996,8,0.00040084646486018117,0.170379757507525,0.060238340955245245
