rmin,rmax,pmin,pmax,N,Q,rate,rate_uncert
0.09201005025125628,0.3033315846582025,2.0,24.999999999999996,4,7.558199008201799e-05,0.4518015694381332,0.2259007847190666
0.3033315846582025,1.0,2.0,24.999999999999996,8,0.0003991612335479561,0.1710990891414335,0.0604926630933746
