rmin,rmax,pmin,pmax,N,Q,rate,rate_uncert
0.09201005025125628,0.3033315846582025,2.0,24.999999999999996,4,8.61951600635875e-05,0.3961714522616072,0.1980857261308036
0.3033315846582025,1.0,2.0,24.999999999999996,8,0.00040018043184684245,0.1706633259538404,0.06033859754090533
