count,mass_max,mass_min,normalization,rate,rate_density,rate_density_minus,rate_density_minus_uncert,rate_density_uncert,rate_minus,rate_minus_uncert,rate_uncert,semimajor_max,semimajor_min,volume
13,19.999999999999996,0.010000000000000004,0.0004053239792227478,0.8350197498213043,0.0613129030711848,0.056596525911862886,0.015697052014488306,0.017005139682362332,0.7707874613735116,0.21377797803591655,0.23159280953890962,9.000000000000002,1.5,13.61898895656334
