rmin,rmax,pmin,pmax,N,Q,V,rate,rate_dens,rate_dens_uncert
0.09201005025125628,0.3033315846582025,2.0,24.999999999999996,4,7.558199008201799e-05,3.013014271604536,1.3612845766504231,0.4518015694381332,0.2259007847190666
0.3033315846582025,1.0,2.0,24.999999999999996,8,0.0003991612335479561,3.013014271604536,0.5155239974416759,0.1710990891414335,0.0604926630933746
