count,normalization,period_max,period_min,radius_max,radius_min,rate_density,rate_density_uncert,volume
4,4.068938493334932e-05,24.999999999999996,2.0,0.3033315846582025,0.09201005025125628,0.8494412954780918,0.4247206477390459,3.013014271604536
8,0.00043120161215205255,24.999999999999996,2.0,1.0,0.3033315846582025,0.1603112923325673,0.056678600954568656,3.013014271604536
