rmin,rmax,pmin,pmax,N,Q,rate,rate_uncert
0.09201005025125628,0.3033315846582025,2.0,24.999999999999996,4,8.71490460679154e-05,0.3965992217867285,0.19829961089336426
0.3033315846582025,1.0,2.0,24.999999999999996,8,0.000406581936224904,0.1700185904514561,0.0601106491180015
