count,normalization,period_max,period_min,radius_max,radius_min,rate,rate_density,rate_density_minus,rate_density_minus_uncert,rate_density_uncert,rate_minus,rate_minus_uncert,rate_uncert,volume
4,4.068938493334932e-05,24.999999999999996,2.0,0.3033315846582025,0.09201005025125628,2.559378746165736,0.8494412954780918,0.6370809716085688,0.3185404858042844,0.4247206477390459,1.919534059624302,0.959767029812151,1.279689373082868,3.013014271604536
8,0.00043120161215205255,24.999999999999996,2.0,1.0,0.3033315846582025,0.48302021169739207,0.1603112923325673,0.14027238079099638,0.04959377583524757,0.056678600954568656,0.4226426852352181,0.1494267543743571,0.17077343357069383,3.013014271604536
