count,normalization,period_max,period_min,radius_max,radius_min,rate_density,rate_density_uncert,volume
4,4.069140663907777e-05,24.999999999999996,2.0,0.3033315846582025,0.09201005025125628,0.8493990919645028,0.4246995459822514,3.013014271604536
8,0.0001050344385551457,24.999999999999996,2.0,1.0,0.3033315846582025,0.6581316437816618,0.23268467411573115,3.013014271604536
