count,normalization,period_max,period_min,radius_max,radius_min,rate_density,rate_density_uncert,volume
4,8.71490460679154e-05,24.999999999999996,2.0,0.3033315846582025,0.09201005025125628,0.3965992217867285,0.19829961089336426,3.013014271604536
8,0.000406581936224904,24.999999999999996,2.0,1.0,0.3033315846582025,0.1700185904514561,0.0601106491180015,3.013014271604536
