rmin,rmax,pmin,pmax,N,Q,rate,rate_uncert
0.09201005025125628,0.3033315846582025,2.0,24.999999999999996,4,8.687310809351859e-05,0.39785895323077186,0.19892947661538593
0.3033315846582025,1.0,2.0,24.999999999999996,8,0.00040373701667173055,0.17121662083362346,0.06053421682165053
