rmin,rmax,pmin,pmax,N,Q,V,rate,rate_dens,rate_dens_uncert
0.09201005025125628,0.3033315846582025,2.0,24.999999999999996,4,7.588562749512778e-05,3.013014271604536,1.3558377359112208,0.4499937981339828,0.2249968990669914
0.3033315846582025,1.0,2.0,24.999999999999996,8,0.00039979846291817356,3.013014271604536,0.5147023158628524,0.17082637832603276,0.06039624525993821
