count,mass_max,mass_min,normalization,rate_density,rate_density_uncert,semimajor_max,semimajor_min,volume
13,19.999999999999996,0.010000000000000004,0.0004053239792227478,0.0613129030711848,0.017005139682362332,9.000000000000002,1.5,13.61898895656334
