rmin,rmax,pmin,pmax,N,Q,rate,rate_uncert
0.09201005025125628,0.3033315846582025,2.0,24.999999999999996,4,8.637692159338551e-05,0.3953377952164494,0.1976688976082247
0.3033315846582025,1.0,2.0,24.999999999999996,8,0.00039908585825352807,0.1711314046042686,0.06050408833482854
