count,normalization,period_max,period_min,radius_max,radius_min,rate_density,rate_density_uncert,volume
4,8.663105256098356e-05,24.999999999999996,2.0,0.3033315846582025,0.09201005025125628,0.3989706095936021,0.19948530479680104,3.013014271604536
8,0.00040751131726614743,24.999999999999996,2.0,1.0,0.3033315846582025,0.16963084157693512,0.05997355918871588,3.013014271604536
