count,mass_max,mass_min,normalization,rate_density,rate_density_uncert,semimajor_max,semimajor_min,volume
13,100.00000000000004,0.010000000000000004,7.360993335813211e-05,0.27861675657736906,0.07727438477255176,9.000000000000002,1.5,16.502714576301774
